depth_m,replicate,chla_RFU,cyano_RFU,chla_CONC,cyano_CONC
0.5,1,993.97,2169.98,5.490438000000001,4122.882
0.5,2,1003.9,798.07,5.54406,1516.2530000000002
0.5,3,NA,NA,NA,NA
2,1,810.53,2234.82,4.499862,4246.078
2,2,691.1,706.32,3.85494,1341.928
2,3,NA,NA,NA,NA
4,1,777.68,678.26,4.322472,1288.614
4,2,NA,NA,NA,NA
4,3,NA,NA,NA,NA
5.75,1,767.35,3015.38,4.2666900000000005,5729.142
5.75,2,744.74,2307.35,4.144596000000001,4383.884999999999
5.75,3,765.63,1662.03,4.257402000000001,3157.777
